﻿{
  "ReRoutes": [
    {
      "DownstreamPathTemplate": "/asset/{catchAll}",
      "DownstreamScheme": "http",
      "DownstreamHostAndPorts": [
        {
          "Host": "ingress-57924da5f503bfdd52595b3c40683f47.mobility-rental.svc.cluster.local",
          "Port": 80
        }
      ],
      "UpstreamPathTemplate": "/asset-api/{catchAll}",
      "UpstreamHttpMethod": [ "GET", "POST", "PUT", "DELETE", "OPTIONS" ]
    },
    {
      "DownstreamPathTemplate": "/order/{catchAll}",
      "DownstreamScheme": "http",
      "DownstreamHostAndPorts": [
        {
          "Host": "ingress-f9d8b0d1fa5c8b745db92ac201c11b02.mobility-rental.svc.cluster.local",
          "Port": 80
        }
      ],
      "UpstreamPathTemplate": "/order-api/{catchAll}",
      "UpstreamHttpMethod": [ "GET", "POST", "PUT", "DELETE", "OPTIONS" ]
    },
    {
      "DownstreamPathTemplate": "/order/",
      "DownstreamScheme": "http",
      "DownstreamHostAndPorts": [
        {
          "Host": "ingress-f9d8b0d1fa5c8b745db92ac201c11b02.mobility-rental.svc.cluster.local",
          "Port": 80
        }
      ],
      "UpstreamPathTemplate": "/order-api/",
      "UpstreamHttpMethod": [ "GET", "POST", "PUT", "DELETE", "OPTIONS" ]
    },
    //Account base
    {
      "DownstreamPathTemplate": "/account/",
      "DownstreamScheme": "http",
      "DownstreamHostAndPorts": [
        {
          "Host": "ingress-e2c5759ff798d654235b49fa8bb7e4f1.mobility-rental.svc.cluster.local",
          "Port": 80
        }
      ],
      "UpstreamPathTemplate": "/account-api/",
      "UpstreamHttpMethod": [ "GET", "POST", "PUT", "DELETE", "OPTIONS" ]
    },
    //Account catch all
    {
      "DownstreamPathTemplate": "/account/{catchAll}",
      "DownstreamScheme": "http",
      "DownstreamHostAndPorts": [
        {
          "Host": "ingress-e2c5759ff798d654235b49fa8bb7e4f1.mobility-rental.svc.cluster.local",
          "Port": 80
        }
      ],
      "UpstreamPathTemplate": "/account-api/{catchAll}",
      "UpstreamHttpMethod": [ "GET", "POST", "PUT", "DELETE", "OPTIONS" ]
    },
    //roles catch base
    {
      "DownstreamPathTemplate": "/role/",
      "DownstreamScheme": "http",
      "DownstreamHostAndPorts": [
        {
          "Host": "ingress-e2c5759ff798d654235b49fa8bb7e4f1.mobility-rental.svc.cluster.local",
          "Port": 80
        }
      ],
      "UpstreamPathTemplate": "/roles-api/",
      "UpstreamHttpMethod": [ "GET", "POST", "PUT", "DELETE", "OPTIONS" ]
    },
    //roles catch all
    {
      "DownstreamPathTemplate": "/role/{catchAll}",
      "DownstreamScheme": "http",
      "DownstreamHostAndPorts": [
        {
          "Host": "ingress-e2c5759ff798d654235b49fa8bb7e4f1.mobility-rental.svc.cluster.local",
          "Port": 80
        }
      ],
      "UpstreamPathTemplate": "/roles-api/{catchAll}",
      "UpstreamHttpMethod": [ "GET", "POST", "PUT", "DELETE", "OPTIONS" ]
    },
    // Assignment
    {
      "DownstreamPathTemplate": "/assignment/",
      "DownstreamScheme": "http",
      "DownstreamHostAndPorts": [
        {
          "Host": "ingress-7e797c568fbd4d68eaa4c128c79fde57.mobility-rental.svc.cluster.local",
          "Port": 80
        }
      ],
      "UpstreamPathTemplate": "/assignment-api/",
      "UpstreamHttpMethod": [ "GET", "POST", "PUT", "DELETE", "OPTIONS" ]
    },
    {
      "DownstreamPathTemplate": "/assignment/{catchAll}",
      "DownstreamScheme": "http",
      "DownstreamHostAndPorts": [
        {
          "Host": "ingress-7e797c568fbd4d68eaa4c128c79fde57.mobility-rental.svc.cluster.local",
          "Port": 80
        }
      ],
      "UpstreamPathTemplate": "/assignment-api/{catchAll}",
      "UpstreamHttpMethod": [ "GET", "POST", "PUT", "DELETE", "OPTIONS" ]
    },
    {
      "DownstreamPathTemplate": "/subassignment/",
      "DownstreamScheme": "http",
      "DownstreamHostAndPorts": [
        {
          "Host": "ingress-7e797c568fbd4d68eaa4c128c79fde57.mobility-rental.svc.cluster.local",
          "Port": 80
        }
      ],
      "UpstreamPathTemplate": "/subassignment-api/",
      "UpstreamHttpMethod": [ "GET", "POST", "PUT", "DELETE", "OPTIONS" ]
    },
    {
      "DownstreamPathTemplate": "/subassignment/{catchAll}",
      "DownstreamScheme": "http",
      "DownstreamHostAndPorts": [
        {
          "Host": "ingress-7e797c568fbd4d68eaa4c128c79fde57.mobility-rental.svc.cluster.local",
          "Port": 80
        }
      ],
      "UpstreamPathTemplate": "/subassignment-api/{catchAll}",
      "UpstreamHttpMethod": [ "GET", "POST", "PUT", "DELETE", "OPTIONS" ]
    },
    {
      "DownstreamPathTemplate": "/integration/{catchAll}",
      "DownstreamScheme": "http",
      "DownstreamHostAndPorts": [
        {
          "Host": "ingress-59e276a4123406ee293cd311870c9eb4.mobility-rental.svc.cluster.local",
          "Port": 80
        }
      ],
      "UpstreamPathTemplate": "/integration-api/{catchAll}",
      "UpstreamHttpMethod": [ "GET", "POST", "PUT", "DELETE", "OPTIONS" ]
    }
  ],
  "GlobalConfiguration": {
    "BaseUrl": "http://dev.mobilityrental.kn01.fhict.nl/"
  }
}