﻿{
  "ReRoutes": [
    {
      "DownstreamPathTemplate": "/asset/{catchAll}",
      "DownstreamScheme": "https",
      "DownstreamHostAndPorts": [
        {
          "Host": "localhost",
          "Port": 7002
        }
      ],
      "UpstreamPathTemplate": "/asset-api/{catchAll}",
      "UpstreamHttpMethod": [ "GET", "POST", "PUT", "DELETE", "OPTIONS" ]
    },
    {
      "DownstreamPathTemplate": "/order/{catchAll}",
      "DownstreamScheme": "https",
      "DownstreamHostAndPorts": [
        {
          "Host": "localhost",
          "Port": 7001
        }
      ],
      "UpstreamPathTemplate": "/order-api/{catchAll}",
      "UpstreamHttpMethod": [ "GET", "POST", "PUT", "DELETE", "OPTIONS" ]
    },
    {
      "DownstreamPathTemplate": "/order/",
      "DownstreamScheme": "https",
      "DownstreamHostAndPorts": [
        {
          "Host": "localhost",
          "Port": 7001
        }
      ],
      "UpstreamPathTemplate": "/order-api/",
      "UpstreamHttpMethod": [ "GET", "POST", "PUT", "DELETE", "OPTIONS" ]
    },
    //Account base
    {
      "DownstreamPathTemplate": "/account/",
      "DownstreamScheme": "https",
      "DownstreamHostAndPorts": [
        {
          "Host": "localhost",
          "Port": 5001
        }
      ],
      "UpstreamPathTemplate": "/account-api/",
      "UpstreamHttpMethod": [ "GET", "POST", "PUT", "DELETE", "OPTIONS" ]
    },
    //Account catch all
    {
      "DownstreamPathTemplate": "/account/{catchAll}",
      "DownstreamScheme": "https",
      "DownstreamHostAndPorts": [
        {
          "Host": "localhost",
          "Port": 5001
        }
      ],
      "UpstreamPathTemplate": "/account-api/{catchAll}",
      "UpstreamHttpMethod": [ "GET", "POST", "PUT", "DELETE", "OPTIONS" ]
    },
    //roles catch base
    {
      "DownstreamPathTemplate": "/role/",
      "DownstreamScheme": "https",
      "DownstreamHostAndPorts": [
        {
          "Host": "localhost",
          "Port": 5001
        }
      ],
      "UpstreamPathTemplate": "/roles-api/",
      "UpstreamHttpMethod": [ "GET", "POST", "PUT", "DELETE", "OPTIONS" ]
    },
    //roles catch all
    {
      "DownstreamPathTemplate": "/role/{catchAll}",
      "DownstreamScheme": "https",
      "DownstreamHostAndPorts": [
        {
          "Host": "localhost",
          "Port": 5001
        }
      ],
      "UpstreamPathTemplate": "/roles-api/{catchAll}",
      "UpstreamHttpMethod": [ "GET", "POST", "PUT", "DELETE", "OPTIONS" ]
    },
    // Assignment
    {
      "DownstreamPathTemplate": "/assignment/",
      "DownstreamScheme": "https",
      "DownstreamHostAndPorts": [
        {
          "Host": "localhost",
          "Port": 6001
        }
      ],
      "UpstreamPathTemplate": "/assignment-api/",
      "UpstreamHttpMethod": [ "GET", "POST", "PUT", "DELETE", "OPTIONS" ]
    },
    {
      "DownstreamPathTemplate": "/assignment/{catchAll}",
      "DownstreamScheme": "https",
      "DownstreamHostAndPorts": [
        {
          "Host": "localhost",
          "Port": 6001
        }
      ],
      "UpstreamPathTemplate": "/assignment-api/{catchAll}",
      "UpstreamHttpMethod": [ "GET", "POST", "PUT", "DELETE", "OPTIONS" ]
    },
    {
      "DownstreamPathTemplate": "/subassignment/",
      "DownstreamScheme": "https",
      "DownstreamHostAndPorts": [
        {
          "Host": "localhost",
          "Port": 6001
        }
      ],
      "UpstreamPathTemplate": "/subassignment-api/",
      "UpstreamHttpMethod": [ "GET", "POST", "PUT", "DELETE", "OPTIONS" ]
    },
    {
      "DownstreamPathTemplate": "/subassignment/{catchAll}",
      "DownstreamScheme": "https",
      "DownstreamHostAndPorts": [
        {
          "Host": "localhost",
          "Port": 6001
        }
      ],
      "UpstreamPathTemplate": "/subassignment-api/{catchAll}",
      "UpstreamHttpMethod": [ "GET", "POST", "PUT", "DELETE", "OPTIONS" ]
    },
    {
      "DownstreamPathTemplate": "/integration/{catchAll}",
      "DownstreamScheme": "https",
      "DownstreamHostAndPorts": [
        {
          "Host": "localhost",
          "Port": 7005
        }
      ],
      "UpstreamPathTemplate": "/integration-api/{catchAll}",
      "UpstreamHttpMethod": [ "GET", "POST", "PUT", "DELETE", "OPTIONS" ]
    }

  ],
  "GlobalConfiguration": {
    "BaseUrl": "https://localhost:7000"
  }
}