﻿{
  "ReRoutes": [
    {
      "DownstreamPathTemplate": "/asset/{catchAll}",
      "DownstreamScheme": "http",
      "DownstreamHostAndPorts": [
        {
          "Host": "172.17.0.1",
          "Port": 7101
        }
      ],
      "UpstreamPathTemplate": "/asset-api/{catchAll}",
      "UpstreamHttpMethod": [ "GET", "POST", "PUT", "DELETE", "OPTIONS" ]
    },
    {
      "DownstreamPathTemplate": "/order/{catchAll}",
      "DownstreamScheme": "http",
      "DownstreamHostAndPorts": [
        {
          "Host": "172.17.0.1",
          "Port": 7103
        }
      ],
      "UpstreamPathTemplate": "/order-api/{catchAll}",
      "UpstreamHttpMethod": [ "GET", "POST", "PUT", "DELETE", "OPTIONS" ]
    },
    {
      "DownstreamPathTemplate": "/order/",
      "DownstreamScheme": "http",
      "DownstreamHostAndPorts": [
        {
          "Host": "172.17.0.1",
          "Port": 7103
        }
      ],
      "UpstreamPathTemplate": "/order-api/",
      "UpstreamHttpMethod": [ "GET", "POST", "PUT", "DELETE", "OPTIONS" ]
    },
    {
      "DownstreamPathTemplate": "/account/{catchAll}",
      "DownstreamScheme": "http",
      "DownstreamHostAndPorts": [
        {
          "Host": "172.17.0.1",
          "Port": 7102
        }
      ],
      "UpstreamPathTemplate": "/account-api/{catchAll}",
      "UpstreamHttpMethod": [ "GET", "POST", "PUT", "DELETE", "OPTIONS" ]
    },
    {
      "DownstreamPathTemplate": "/roles/{catchAll}",
      "DownstreamScheme": "http",
      "DownstreamHostAndPorts": [
        {
          "Host": "172.17.0.1",
          "Port": 7102
        }
      ],
      "UpstreamPathTemplate": "/roles-api/{catchAll}",
      "UpstreamHttpMethod": [ "GET", "POST", "PUT", "DELETE", "OPTIONS" ]
    }
  ],
  "GlobalConfiguration": {
    "BaseUrl": "http://localhost:7000"
  }
}